{
    "status": "OK",
    "code": 200,
    "total": 10,
    "data": [
        {
            "ID": 1,
            "PhoneNumber": "+9183731868003",
            "Address": "8367 Federico Garden Apt. 449",
            "Email": "elian61@lebsack.com",
            "State": false
            "FirmID" : 2
        },
        {
            "ID": 2,
            "PhoneNumber": "+4898013641065",
            "Address": "624 Henri Shoals",
            "Email": "wehner.vladimir@williamson.com",
            "State": false
	    "FirmID" : 4
        },
        {
            "ID": 3,
            "PhoneNumber": "+4714873724671",
            "Address": "9823 Pollich Fords Suite 619",
            "Email": "ferry.hallie@johns.net",
            "State": false
	    "FirmID" : 4
        },
        {
            "ID": 4,
            "PhoneNumber": "+8093807500653",
            "Address": "56695 Augustus Lane",
            "Email": "yauer@trantow.biz",
            "State": false
	    "FirmID" : 3
        },
        {
            "ID": 5,
            "PhoneNumber": "+1454252309589",
            "Address": "9771 Harvey Mountains Suite 252",
            "Email": "evolkman@schroeder.net",
            "State": false
	    "FirmID" : 5
        }
    ]
}