{
    "status": "OK",
    "code": 200,
    "total": 10,
    "data": [
        {
            "ID": 1,
            "Price": 960910
        },
        {
            "ID": 2,
            "Price": 94822
        },
        {
            "ID": 3,
            "Price": 7718182
        },
        {
            "ID": 4,
            "Price": 4
        },
        {
            "ID": 5,
            "Price": 374429
        },
        {
            "ID": 6,
            "Price": 9508
        },
        {
            "ID": 7,
            "Price": 20218248
        },
        {
            "ID": 8,
            "Price": 271
        },
        {
            "ID": 9,
            "Price": 618770
        },
        {
            "ID": 10,
            "Price": 15983
        }
    ]
}